Model,Accuracy,Dice,IoU,Precision,Recall,InferenceTimeSec
ADANET,0.9794336954752604,0.3599058913907497,0.23530195153594843,0.4763366297499031,0.4112668711926111,15.740060806274414
