Model,Accuracy,Dice,IoU,Precision,Recall,InferenceTimeSec
DEEPLABV3,0.9812275817484157,0.032347359499145,0.020395448506732385,0.9094351126935813,0.027828918147712444,24.93069624900818
