Model,Accuracy,Dice,IoU,Precision,Recall,InferenceTimeSec
UNET,0.9417285323143005,0.340933590309141,0.20831390056879232,0.22100666812221106,0.8368255668320841,4.208039999008179
