Model,Accuracy,Dice,IoU,Precision,Recall,InferenceTimeSec
FASTSCNN,0.7352499403395094,0.12858312248446324,0.07156879771563185,0.07222945490012028,0.947597237307221,14.602859735488892
